Round,TestAccuracy
1,56.00000000000001
2,64.48
3,67.36999999999999
4,67.92
5,68.17999999999999
6,68.31
7,68.57
8,68.31
9,68.28999999999999
10,67.39
