Round,TestAccuracy
1,49.01
2,65.03999999999999
3,68.75
4,70.30999999999999
5,70.55
6,70.97
7,71.09
8,71.19
9,71.08
10,70.73
