Round,TestAccuracy
1,56.00000000000001
2,62.53999999999999
3,64.12
4,64.44
5,63.62
6,64.29
7,63.7
8,63.46000000000001
9,63.349999999999994
10,62.980000000000004
