Round,TestAccuracy
1,52.239999999999995
2,64.07000000000001
3,68.19
4,70.77
5,72.03
6,72.07000000000001
7,72.35000000000001
8,72.83
9,72.92999999999999
10,72.96000000000001
