Round,TestAccuracy
1,13.08
2,29.270000000000003
3,62.78
4,69.94
5,72.74000000000001
6,74.48
7,75.53
8,75.84
9,76.09
10,76.9
